model,f1,precision,recall,accuracy,train_time_sec
xlm-roberta-base,0.47058823529411764,0.5714285714285714,0.4,0.4857142857142857,14.652138233184814
bert-base-multilingual-cased,0.4285714285714285,0.75,0.3,0.59375,4.4798595905303955
Davlan/afro-xlmr-mini,0.0,0.0,0.0,0.2857142857142857,2.490140914916992
distilbert-base-multilingual-cased,0.4285714285714285,0.75,0.3,0.65625,2.999622344970703
